Question,Réponse,Catégorie,Lien
"Que fait BIRA Entreprise ?","BIRA Entreprise est spécialisée dans la confection et la vente de ballons de sport de haute qualité, ainsi que dans des services de personnalisation, branding, et organisation de tournois sportifs.","À Propos","/about"
"Quels types de ballons fabriquez-vous ?","BIRA Entreprise fabrique différents types de ballons : ballons de football (match et entraînement), ballons de basketball (indoor et outdoor), ballons de volley (standard et junior), et ballons de rugby. Chaque type est disponible en différentes tailles et qualités.","Produits","/products"
"Quels sont les services de BIRA Entreprise ?","BIRA Entreprise offre la fabrication de ballons personnalisés, la vente en gros et au détail, le branding pour entreprises, la réparation de ballons, et l'organisation de tournois sportifs.","Services","/services"
"Où est basée BIRA Entreprise ?","BIRA Entreprise est basée à Antsirabe, Madagascar, avec des filiales à Antananarivo, Antsiranana, Tamatave, Toliara, Majunga, et Fianarantsoa.","Zones","/zones"
"Comment contacter BIRA Entreprise ?","Vous pouvez nous contacter via notre formulaire en ligne, par email à contact@bira-entreprise.com, ou par téléphone au +261 34 123 4567.","Contact","/contact"
"Quelles sont les valeurs de BIRA Entreprise ?","Nos valeurs sont la qualité, la durabilité, l'innovation, l'accessibilité, et l'esprit communautaire.","Valeurs","/about"
"Combien coûtent vos ballons en général ?","Nos ballons varient selon le sport : Football (25 000-50 000 MGA), Basketball (35 000-75 000 MGA), Volley (30 000-60 000 MGA), Rugby (35 000-60 000 MGA), Tennis (15 000-20 000 MGA par lot), Golf (20 000-25 000 MGA par lot), Handball (25 000-50 000 MGA). Consultez notre catalogue pour plus de détails.","Prix-Général","/products"
"Quel est le prix des balles de tennis ?","Nos balles de tennis coûtent 20 000 MGA par lot de 3 pour les modèles standard et 15 000 MGA par lot pour les modèles junior.","Prix-Tennis","/products/tennis"
"Combien coûtent les balles de golf ?","Nos balles de golf coûtent 25 000 MGA par lot de 6 pour les modèles standard et 20 000 MGA par lot pour les modèles d'entraînement.","Prix-Golf","/products/golf"
"Quel est le coût d’un ballon de handball ?","Nos ballons de handball coûtent 50 000 MGA pour les modèles de match, 35 000 MGA pour les modèles d'entraînement, et 25 000 MGA pour les modèles junior.","Prix-Handball","/products/handball"
"Combien coûte un ballon de football ?","Nos ballons de football coûtent 50 000 MGA pour les modèles de match professionnels, 35 000 MGA pour les modèles d'entraînement, et 25 000 MGA pour les modèles junior.","Prix-Football","/products/football"
"Quel est le prix d’un ballon de basketball ?","Nos ballons de basketball coûtent 75 000 MGA pour les modèles indoor professionnels, 55 000 MGA pour les modèles outdoor, et 35 000 MGA pour les modèles d'entraînement.","Prix-Basketball","/products/basketball"
"Combien coûte un ballon de volley ?","Nos ballons de volley coûtent 45 000 MGA pour les modèles standard, 30 000 MGA pour les modèles junior, et 60 000 MGA pour les modèles de compétition.","Prix-Volleyball","/products/volleyball"
"Quel est le prix d’un ballon de rugby ?","Nos ballons de rugby coûtent 60 000 MGA pour les modèles de match, 45 000 MGA pour les modèles d'entraînement, et 35 000 MGA pour les modèles junior.","Prix-Rugby","/products/rugby"
"Combien coûte la personnalisation ?","La personnalisation coûte 10 000 MGA supplémentaires par ballon, quel que soit le type.","Services","/services/customization"
"Quelles sont les méthodes de livraison ?","BIRA Entreprise propose une livraison locale à Madagascar (3-5 jours, 5 000-10 000 MGA selon la ville), une livraison express (1-2 jours, +15 000 MGA), ou un retrait dans nos filiales.","Services","/delivery"
"Quels sont les délais de livraison ?","La livraison standard prend 3-5 jours, et la livraison express 1-2 jours, selon la ville (Antananarivo, Antsiranana, Tamatave, Toliara, Majunga, Fianarantsoa).","Services","/delivery"
"Où puis-je retirer ma commande ?","Vous pouvez retirer votre commande dans nos filiales à Antananarivo, Antsiranana, Tamatave, Toliara, Majunga, ou Fianarantsoa.","Services","/delivery"
"Proposez-vous des ballons personnalisés ?","Oui, BIRA Entreprise offre des ballons personnalisés avec logos, designs, ou couleurs pour équipes et entreprises.","Services","/services/customization"
"Qu'est-ce que le branding de ballons ?","Le branding consiste à personnaliser des ballons avec le logo ou le message d'une entreprise pour des campagnes promotionnelles.","Services","/services/branding"
"Organisez-vous des événements sportifs ?","Oui, BIRA Entreprise sponsorise et organise des tournois de football, basketball, et volley pour promouvoir le sport local.","Services","/events"
"Comment recyclez-vous les ballons ?","BIRA Entreprise collecte les ballons usagés pour les réparer ou recycler leurs matériaux dans notre programme éco-responsable.","Valeurs","/sustainability"
"Vos ballons sont-ils conformes aux normes ?","Oui, tous les ballons de BIRA Entreprise respectent les normes FIFA, FIBA, et World Rugby.","Produits","/products"
"Comment achetez-vous vos ballons ?","Vous pouvez acheter nos ballons via notre site, dans nos filiales à Antananarivo, Antsiranana, Tamatave, Toliara, Majunga, ou Fianarantsoa.","Services","/buy"
"Proposez-vous des réductions pour les clubs ?","Oui, BIRA Entreprise offre des tarifs préférentiels pour les clubs et écoles. Contactez-nous pour un devis.","Services","/contact"
"Quels matériaux utilisez-vous ?","BIRA Entreprise utilise du polyuréthane durable et des matériaux recyclés pour garantir qualité et éco-responsabilité.","Produits","/products"
"Quels sports soutenez-vous ?","BIRA Entreprise soutient le football, basketball, volley, tennis, golf, rugby, et handball via nos produits et événements.","Produits","/products"
"Proposez-vous des ballons pour enfants ?","Oui, BIRA Entreprise propose des ballons junior plus légers et sécurisés pour les enfants.","Produits","/products/kids"
"Quels sont vos horaires d'ouverture ?","Nos bureaux et filiales sont ouverts du lundi au vendredi, de 8h à 17h.","Contact","/contact"
"Comment devenir distributeur ?","Pour devenir distributeur de BIRA Entreprise, envoyez une candidature à contact@bira-entreprise.com.","Services","/distributors"
"Proposez-vous des formations sportives ?","Oui, BIRA Entreprise offre des programmes de formation pour jeunes athlètes dans nos zones d'opération.","Services","/training"
"Quels sont vos projets futurs ?","BIRA Entreprise prévoit d'élargir sa gamme de produits et de renforcer ses initiatives éco-responsables à Madagascar.","À Propos","/about"
"Pouvez-vous réparer mes ballons ?","Oui, BIRA Entreprise propose un service de réparation à notre atelier à Antsirabe.","Services","/repair"
"Quels sont vos avantages compétitifs ?","BIRA Entreprise se distingue par ses ballons de qualité, ses prix abordables, sa personnalisation, et son engagement communautaire.","Valeurs","/about"
"Quelles sont vos certifications ?","Nos ballons sont certifiés FIFA, FIBA, et World Rugby pour garantir leur qualité.","Produits","/products"
"Proposez-vous une garantie ?","Oui, BIRA Entreprise offre une garantie de 6 mois sur les défauts de fabrication pour tous nos ballons.","Services","/warranty"
"Comment retourner un produit ?","Pour retourner un produit défectueux, contactez-nous à contact@bira-entreprise.com dans les 30 jours suivant l'achat.","Services","/returns"
"Quels sont vos engagements communautaires ?","BIRA Entreprise soutient les écoles et clubs locaux via des dons de ballons et des programmes de formation.","Valeurs","/community"
"Comment rejoindre vos tournois ?","Inscrivez-vous à nos tournois via notre site ou contactez-nous à Antsirabe ou dans nos filiales.","Services","/events"
"Quels sont vos partenaires ?","BIRA Entreprise collabore avec des clubs, écoles, et associations sportives à Madagascar.","À Propos","/partners"
"Proposez-vous des ballons de volley-plage ?","Oui, nos ballons de volley-plage sont résistants à l'eau et au sable.","Produits","/products/volleyball"
"Comment soutenir vos initiatives ?","Vous pouvez participer à nos tournois ou faire un don à notre programme communautaire.","Valeurs","/community"
"Pourquoi choisir BIRA Entreprise ?","BIRA Entreprise offre des ballons de qualité, éco-responsables, et un engagement fort pour le sport et la communauté.","À Propos","/about"
"Quels sont les coûts de livraison à Antananarivo ?","La livraison à Antananarivo coûte 5 000 MGA (3-5 jours) ou 15 000 MGA (express, 1-2 jours).","Services","/delivery"
"Quels sont les coûts de livraison à Majunga ?","La livraison à Majunga coûte 8 000 MGA (3-5 jours) ou 15 000 MGA (express, 1-2 jours).","Services","/delivery"
"Quels sont les coûts de livraison à Fianarantsoa ?","La livraison à Fianarantsoa coûte 7 000 MGA (3-5 jours) ou 15 000 MGA (express, 1-2 jours).","Services","/delivery"
"Proposez-vous des ballons pour écoles ?","Oui, BIRA Entreprise propose des packs spéciaux pour écoles à des prix réduits.","Services","/products/kids"
"Comment vérifier la qualité de vos ballons ?","Nos ballons sont testés pour respecter les normes FIFA, FIBA, et World Rugby.","Produits","/products"
"Quels sont vos délais de personnalisation ?","La personnalisation prend 5 à 7 jours ouvrables selon la commande.","Services","/services/customization"
"Proposez-vous des offres spéciales ?","Oui, suivez notre site ou inscrivez-vous à notre newsletter pour les promotions.","Services","/offers"
"Où sont fabriqués vos ballons ?","Les ballons de BIRA Entreprise sont fabriqués à Antsirabe, Madagascar.","Produits","/products"
"Comment postuler pour travailler chez BIRA Entreprise ?","Envoyez votre CV à careers@bira-entreprise.com.","Contact","/careers"
"Quels sont vos réseaux sociaux ?","Suivez BIRA Entreprise sur Facebook, Instagram, et Twitter (@BIRAEntreprise).","Contact","/social"
"Quels sont les délais de réparation ?","La réparation des ballons prend 3 à 5 jours à notre atelier à Antsirabe.","Services","/repair"
"Proposez-vous des ballons pour compétitions ?","Oui, nos ballons sont conçus pour les compétitions professionnelles, conformes aux normes internationales.","Produits","/products"
"Comment fonctionne votre programme de dons ?","BIRA Entreprise donne des ballons aux écoles et clubs défavorisés pour promouvoir le sport.","Valeurs","/community"
"Quels types de personnalisation proposez-vous ?","Nous personnalisons avec des logos, couleurs, ou messages pour équipes et entreprises.","Services","/services/customization"
"Quels sont les avantages de vos ballons ?","Nos ballons offrent un grip amélioré, une durabilité accrue, et des matériaux éco-responsables.","Produits","/products"
"Proposez-vous des ballons pour amateurs ?","Oui, BIRA Entreprise propose des ballons pour amateurs et professionnels, adaptés à tous les niveaux.","Produits","/products"
"Comment suivre ma commande ?","Vous recevrez un lien de suivi par email après confirmation de votre commande.","Services","/delivery"
"Quels sont vos horaires de livraison ?","Les livraisons sont effectuées du lundi au samedi, de 8h à 16h.","Services","/delivery"
"Pouvez-vous livrer à Antsiranana ?","Oui, nous livrons à Antsiranana (8 000 MGA, 3-5 jours) ou en express (15 000 MGA, 1-2 jours).","Services","/delivery"
"Quels sont vos engagements environnementaux ?","BIRA Entreprise utilise des matériaux recyclés et promeut le recyclage des ballons usagés.","Valeurs","/sustainability"
"Proposez-vous des ballons pour jeunes athlètes ?","Oui, nos ballons junior sont conçus pour les jeunes, avec des tailles adaptées.","Produits","/products/kids"
"Comment participer à vos programmes de formation ?","Contactez-nous à Antsirabe ou dans nos filiales pour vous inscrire à nos formations sportives.","Services","/training"
"Qui est le fondateur de BIRA Entreprise ?","BIRA Entreprise a été fondée en 2005 par Rakoto Andrianasolo, un entrepreneur malgache passionné par le sport et l'innovation locale.","À Propos","/about"
"Qui est le PDG de BIRA Entreprise ?","Le PDG actuel est Mialy Razafindrakoto, qui dirige l'entreprise depuis 2018 avec une vision axée sur la qualité et l'expansion internationale.","À Propos","/about"
"Quand BIRA Entreprise a-t-elle été fondée ?","BIRA Entreprise a été fondée en 2005 à Antsirabe, avec pour mission de produire des équipements sportifs accessibles et durables.","Histoire","/about"
"Quelle est la mission de BIRA Entreprise ?","Notre mission est de promouvoir le sport à Madagascar en offrant des équipements de qualité, en soutenant les communautés locales et en innovant constamment.","Mission","/about"
"Comment BIRA Entreprise soutient-elle les communautés locales ?","BIRA Entreprise finance des tournois sportifs pour les jeunes, offre des équipements gratuits aux écoles rurales et emploie plus de 200 artisans locaux.","Impact Communautaire","/community"
"BIRA Entreprise a-t-elle des certifications ?","Oui, nos ballons sont certifiés ISO 9001 pour la qualité et FIFA Approved pour les ballons de football professionnels.","Certifications","/products"
"Quels sont les engagements environnementaux de BIRA Entreprise ?","Nous utilisons des matériaux recyclés pour 30 % de nos produits et réduisons notre empreinte carbone grâce à des processus de production locaux.","Environnement","/sustainability"
"Pourquoi choisir BIRA Entreprise ?","Choisissez BIRA pour la qualité artisanale, des prix compétitifs, un service client réactif et notre engagement envers le sport malgache.","Avantages","/about"
"Comment BIRA Entreprise garantit-elle la qualité ?","BIRA Entreprise garantit la qualité de ses ballons à travers : 1) Des tests de durabilité et de performance selon les normes internationales, 2) Une inspection manuelle de chaque ballon, 3) Une garantie d'un an contre les défauts de fabrication, 4) Des matériaux de haute qualité sélectionnés avec soin.","Qualité","/products"
"Où puis-je acheter les produits BIRA Entreprise ?","Nos produits sont disponibles dans nos boutiques à Antsirabe, Antananarivo et autres villes, ainsi que sur notre site web.","Achat","/shop"